"regiao","uf","superficie","pop_urbana","pop_rural","total","densidade"
"Norte","RO",238513,762864,468143,1231007,"5,16"
"Norte","AC",153150,315401,168322,483726,"3,16"
"Norte","AM",1577820,1766166,623113,2389279,"1,51"
"Norte","RR",225116,174277,72854,247131,"1,10"
"Norte","PA",1253165,2949017,2561832,5510849,"4,40"
"Norte","AP",143454,330590,48869,379459,"2,65"
"Norte","TO",278421,741009,307633,1048642,"3,77"
"Nordeste","MA",333366,2711557,2511008,5222565,"15,67"
"Nordeste","PI",252379,1556115,1117061,2673176,"10,59"
"Nordeste","Lit√≠gio*",2977,NA,NA,NA,""
"Nordeste","CE",146348,4713311,2096483,6809794,"46,53"
"Nordeste","RN",53307,1843486,715174,2558660,"48,00"
"Nordeste","PB",56585,2261986,1043630,3305616,"58,42"
"Nordeste","PE**",98938,5476915,1922216,7399131,"74,79"
"Nordeste","AL",27933,1661914,971425,2633339,"94,27"
"Nordeste","SE",22050,1140569,483606,1624175,"73,66"
"Nordeste","BA",567295,7826843,4714902,12541745,"22,11"
"Sudeste","MG",588384,13074245,3598852,16673097,"28,34"
"Sudeste","ES",46184,2176006,626701,2802707,"60,69"
"Sudeste","RJ",43910,12806488,599891,13406379,"305,32"
"Sudeste","SP",248809,31769219,2351667,34120886,"137,14"
"Sul","PR",199709,7011990,1991814,9003804,"45,08"
"Sul","SC",95443,3565130,1310114,4875244,"51,08"
"Sul","RS",282062,7581230,2056452,9637682,"34,17"
"Centro-Oeste","MS",358159,1604318,323516,1927834,"5,38"
"Centro-Oeste","MT",906807,1695548,540284,2235832,"2,47"
"Centro-Oeste","GO",3412895,3873722,642146,4515868,"1323,00"
"Centro-Oeste","DF",5822,1692248,129698,1821946,"312,94"
"","Ilhas***",10,NA,NA,NA,""
